user_id,username,email,company,post_count
1,Bret,Sincere@april.biz,Romaguera-Crona,10
2,Antonette,Shanna@melissa.tv,Deckow-Crist,10
3,Samantha,Nathan@yesenia.net,Romaguera-Jacobson,10
4,Karianne,Julianne.OConner@kory.org,Robel-Corkery,10
5,Kamren,Lucio_Hettinger@annie.ca,Keebler LLC,10
6,Leopoldo_Corkery,Karley_Dach@jasper.info,Considine-Lockman,10
7,Elwyn.Skiles,Telly.Hoeger@billy.biz,Johns Group,10
8,Maxime_Nienow,Sherwood@rosamond.me,Abernathy Group,10
9,Delphine,Chaim_McDermott@dana.io,Yost and Sons,10
10,Moriah.Stanton,Rey.Padberg@karina.biz,Hoeger LLC,10
